id,name,specialty,area,phone,fee,clinic_address,description,image,experience,working_hours,education,verified
1,د. أحمد محمد,باطنة,دمياط,01012345678,250,شارع البحر - دمياط,استشاري باطنة وأمراض مزمنة,,15 سنة,السبت - الخميس: 5م - 9م,دكتوراه في الطب الباطني,نعم
2,د. محمد علي,أطفال,دمياط الجديدة,01123456789,300,الحي الأول - دمياط الجديدة,أخصائي طب الأطفال وحديثي الولادة,,10 سنوات,السبت - الخميس: 4م - 8م,ماجستير طب الأطفال,نعم
3,د. سارة محمود,نساء وتوليد,رأس البر,01234567890,350,شارع النيل - رأس البر,متخصصة في متابعة الحمل وصحة المرأة,,12 سنة,الأحد - الخميس: 3م - 8م,دكتوراه نساء وتوليد,نعم
4,د. خالد حسن,عظام,دمياط,01098765432,300,شارع الجلاء - دمياط,استشاري جراحة العظام والمفاصل,,18 سنة,السبت - الأربعاء: 6م - 10م,زمالة جراحة العظام,نعم
5,د. منى إبراهيم,جلدية,فارسكور,01156789012,250,شارع المحطة - فارسكور,أخصائية الأمراض الجلدية والتجميل,,8 سنوات,السبت - الخميس: 2م - 7م,ماجستير الأمراض الجلدية,نعم
6,د. يوسف عبد الله,أسنان,دمياط الجديدة,01011223344,200,المنطقة المركزية - دمياط الجديدة,طبيب أسنان وجراحة الفم,,7 سنوات,السبت - الخميس: 4م - 9م,ماجستير طب الأسنان,نعم
7,د. نور أحمد,عيون,كفر سعد,01222333444,280,شارع السوق - كفر سعد,أخصائية طب وجراحة العيون,,9 سنوات,الأحد - الخميس: 5م - 9م,ماجستير طب وجراحة العيون,نعم
8,د. محمود السيد,قلب وأوعية دموية,دمياط,01055667788,400,شارع التحرير - دمياط,استشاري أمراض القلب والأوعية الدموية,,20 سنة,السبت - الأربعاء: 6م - 10م,دكتوراه أمراض القلب,نعم
9,د. ريم مصطفى,أنف وأذن وحنجرة,الزرقا,01199887766,250,شارع المدارس - الزرقا,أخصائية الأنف والأذن والحنجرة,,6 سنوات,السبت - الخميس: 3م - 8م,ماجستير الأنف والأذن والحنجرة,لا
10,د. عمر حسن,مخ وأعصاب,دمياط الجديدة,01277889900,350,الحي الثاني - دمياط الجديدة,استشاري المخ والأعصاب,,14 سنة,الأحد - الخميس: 5م - 9م,دكتوراه المخ والأعصاب,نعم
11,د. هبة علي,باطنة,كفر البطيخ,01033445566,220,شارع المركز - كفر البطيخ,أخصائية الأمراض الباطنة والسكر,,7 سنوات,السبت - الخميس: 4م - 8م,ماجستير الباطنة,لا
12,د. كريم محمود,مسالك بولية,دمياط,01122334455,320,شارع البحر - دمياط,استشاري جراحة المسالك البولية,,13 سنة,السبت - الأربعاء: 6م - 9م,دكتوراه المسالك البولية,نعم
